approval_id,approval_name,industry,department,authority_id,why_required,applicability_conditions,required_documents,prerequisites,parallelizable,inspection_required,renewal,sla,official_url,source_id,last_verified,notes,processing_time_min_days,processing_time_max_days,time_basis,time_status,time_source_note,govt_fee_min_inr,govt_fee_max_inr,registration_fee_min_inr,registration_fee_max_inr,inspection_fee_min_inr,inspection_fee_max_inr,documentation_cost_min_inr,documentation_cost_max_inr,other_cost_min_inr,other_cost_max_inr,cost_status,cost_source_note
BRL-001,Form BRL Licence — Constructing and Working a Brewery for Manufacture of Beer,brewery,Maharashtra State Excise Department,AUTH-EXCISE,"Statutory licence required under Rule 3(2) of the Maharashtra Manufacture of Beer and Wine Rules, 1966 to construct and operate a brewery manufacturing beer.","{""all"":[{""field"":""industry"",""op"":""equals"",""value"":""brewery""},{""field"":""state"",""op"":""equals"",""value"":""Maharashtra""}]}",DOC-001;DOC-002;DOC-003;DOC-004;DOC-005;DOC-006;DOC-007;DOC-008;DOC-009;DOC-010;DOC-011,MPCB Consent to Establish (letter-of-intent stage); MPCB Consent to Operate (licence stage); Fire NOC (stage unspecified),unknown,unknown,unknown,unknown,https://stateexcise.maharashtra.gov.in/1251/BRL-%28Beer%29?format=print,SRC-001,2026-09-10,"Core approval. Checklist page reconciles with an older 2014-reviewed page — see SRC-001 staleness flag.
Applies to any person/entity proposing to construct and work a standalone brewery for manufacture of beer in Maharashtra. Does NOT cover the separate BRL microbrewery (restaurant-based) licence — not modeled in this dataset.",,,,,No statutory processing time published on the retrieved source. Treat as unknown until the Excise department confirms an SLA.,,,,,,,,,,,needs_review,"Application-fee challan is required (DOC-001) and a bank guarantee of 50% of the licence fee (DOC-009), but the fee schedule was not captured by the retrieved source — needs departmental confirmation."
MPCB-CTE-001,MPCB Consent to Establish,brewery,Maharashtra Pollution Control Board,AUTH-MPCB,"Required under the Water and Air Acts for any industry/operation likely to discharge effluent or emit air pollution, before commencement of establishment works.","{""all"":[{""field"":""industry"",""op"":""equals"",""value"":""brewery""},{""field"":""state"",""op"":""equals"",""value"":""Maharashtra""}]}",DOC-019;DOC-002;DOC-020;DOC-023;DOC-021;DOC-022,,N/A — upstream in the chain relative to BRL-001,unknown,unknown,unknown,https://www.mpcb.gov.in/en/consentmgt/water-and-air-act,SRC-002,2026-09-10,"Exact MPCB category (and therefore exact fee/validity) not established by this research pass; depends on capital investment and pollution profile.
Applies before actual commencement of works establishing the brewery.",120,150,estimated,needs_review,Category (red/orange) and fee depend on capital investment and pollution index — not established by the retrieved source.,,,,,,,,,,,estimated,Consent fees depend on the MPCB category and capital investment slab — no figure captured by the retrieved source.
MPCB-CTO-001,MPCB Consent to Operate,brewery,Maharashtra Pollution Control Board,AUTH-MPCB,"Required before commencement of production, including trial production, once the plant and required pollution-control systems are established.","{""all"":[{""field"":""industry"",""op"":""equals"",""value"":""brewery""},{""field"":""state"",""op"":""equals"",""value"":""Maharashtra""}]}",DOC-019;DOC-002;DOC-020;DOC-023;DOC-021;DOC-006;DOC-022,MPCB Consent to Establish must be obtained first — explicitly evidenced (see dependencies.csv).,no — sequential after MPCB-CTE-001,unknown,"yes — renewal explicitly mentioned by source, exact period not established",unknown,https://www.mpcb.gov.in/en/consentmgt/water-and-air-act,SRC-002,2026-09-10,Applies once the brewery plant and required pollution-control systems have been established (i.e. after Consent to Establish).,90,120,estimated,needs_review,"90–120 working days is a prototype planning placeholder for post-establishment consent processing, NOT a statutory SLA. Requires MPCB confirmation.",,,,,,,,,,,estimated,Consent fees depend on the MPCB category and capital investment slab — no figure captured by the retrieved source.
FIRE-PROVISIONAL-001,Provisional Fire Approval / Provisional No-Objection Certificate,brewery,Maharashtra Fire & Emergency Services,AUTH-FIRE,Required for the proposed industrial building/activity's fire safety clearance prior to construction/operation.,"{""all"":[{""field"":""industry"",""op"":""equals"",""value"":""brewery""},{""field"":""state"",""op"":""equals"",""value"":""Maharashtra""}]}",DOC-012;DOC-030,,yes — can proceed alongside MPCB/Excise document assembly,unknown — plausible but not explicitly confirmed by retrieved source,unknown,unknown,https://mahafireservice.gov.in/e-fire.php,SRC-004,2026-09-10,Applies where fire approval or provisional NOC is required for the proposed industrial building or activity; competent authority (state directorate vs local fire dept) varies by site jurisdiction.,7,21,estimated,needs_review,"7–21 working days is a prototype planning placeholder for provisional NOC vetting, NOT a statutory SLA. Requires Fire Services confirmation.",,,,,500,2000,,,,,estimated,NOC processing fee range is a prototype estimate — verify the current fee schedule with Maharashtra Fire Services.
FIRE-FINAL-001,Final Fire No-Objection Certificate,brewery,Maharashtra Fire & Emergency Services,AUTH-FIRE,Required after construction or modification of the industrial building for final fire clearance.,"{""all"":[{""field"":""industry"",""op"":""equals"",""value"":""brewery""},{""field"":""state"",""op"":""equals"",""value"":""Maharashtra""}]}",DOC-013;DOC-014,Approved planning-authority drawings; compliance inspection against provisional NOC recommendations (if a provisional NOC was previously issued).,"no — sequential, after construction",yes — explicit compliance/final inspection document required,unknown,unknown,https://mahafireservice.gov.in/e-fire.php,SRC-004,2026-09-10,Applies after construction or modification of the industrial building where final fire clearance is required.,7,21,estimated,needs_review,"7–21 working days is a prototype planning placeholder for final NOC inspection scheduling, NOT a statutory SLA.",,,,,1000,5000,0,0,,,estimated,Final inspection fee range is a prototype estimate; documentation cost captured as 0 (no separate certificate cost).
DISH-PLAN-001,Approval of Factory Plan,brewery,Labour Department (DISH),AUTH-DISH,"Required under the Factories Act, 1948 and Maharashtra Factories Rules, 1963 for a proposed factory plan.","{""all"":[{""field"":""industry"",""op"":""equals"",""value"":""brewery""},{""field"":""state"",""op"":""equals"",""value"":""Maharashtra""}]}",DOC-015,,unknown,unknown,unknown,unknown,https://labour.maharashtra.gov.in/en/services,SRC-005,2026-09-10,"High confidence on service existence, low confidence on document checklist.
Applies to a proposed factory plan; detailed document checklist was not retrieved in this research pass — treat the document list as incomplete.",,,,,No processing time published on the retrieved DISH service page. Treat as unknown until the department confirms an SLA.,,,,,,,,,,,needs_review,Plan-approval fee depends on factory classification and plan value — not captured by the retrieved source.
DISH-LICENCE-001,Factory Registration and Grant of Factory Licence,brewery,Labour Department (DISH),AUTH-DISH,"Required where the brewery qualifies as a factory under the Factories Act, 1948 and Maharashtra Factories Rules, 1963.","Applies if the brewery is classified as a MAH/hazardous or other factory — classification depends on facts (hazardous substances, quantities, storage) not yet available in the BusinessProfile. Treat as needs_information until those facts are collected.",DOC-016,"Factory plan approval (DISH-PLAN-001) is suspected to precede this per standard Factories Act practice, but this sequencing was NOT explicitly confirmed by the retrieved source — see dependencies.csv (marked unknown, not depends_on).",unknown,unknown,"unknown — factory licences are commonly renewed annually in practice, but this was not confirmed by the retrieved source",unknown,https://labour.maharashtra.gov.in/en/services,SRC-005,2026-09-10,,,,,,No processing time published on the retrieved DISH service page. Treat as unknown until the department confirms an SLA.,,,,,,,,,,,needs_review,Factory licence fee depends on worker count and hazard classification — not captured by the retrieved source.
FSSAI-LICENCE-001,FSSAI Food Business Licence or Registration,brewery,FSSAI,AUTH-FSSAI,"Beer manufacturing is treated as a food business activity under FSSAI's Food Safety and Standards (Alcoholic Beverages) Regulations, 2018.",Applies to any food business operator manufacturing alcoholic beverages including beer. Exact licence level (central/state) and document checklist depend on production capacity/turnover/business structure not yet in the BusinessProfile — treat as needs_information until known.,DOC-017,,yes — independent regulatory track from Excise/MPCB/Fire/DISH,unknown,yes — FSSAI licences are renewed periodically per standard practice; exact period not confirmed in this pass,unknown,https://foscos.fssai.gov.in/apply-for-lic-and-reg,SRC-006,2026-09-10,"See also SRC-007 for the Alcoholic Beverages Regulations, 2018 reference.",,,,,FoSCoS does not publish a fixed processing SLA on the retrieved page.,2000,7500,,,,,,,,,verified,FoSCoS published fee schedule by licence level (State ₹2000/₹3000/₹5000; Central ₹5000); the ₹2000–7500 range spans State-to-Central licence levels.
LM-PACKAGED-001,"Registration as Manufacturer/Packer under Legal Metrology (Packaged Commodities) Rules, 2011",brewery,Department of Consumer Affairs,AUTH-LM,Potentially required where beer is pre-packaged for retail sale and the business is the manufacturer/packer under Rule 27.,Applicability depends on whether beer is sold pre-packaged at retail and the specific packaging/distribution channel — bulk/institutional packaging may be treated differently. Treat as needs_information until the packaging model is known.,DOC-018,,yes,unknown,unknown,unknown,https://legalmetrology.maharashtra.gov.in/en/,SRC-008,2026-09-10,,,,,,No processing time published on the retrieved source.,,,500,500,,,,,,,verified,"Flat ₹500 registration fee under LM (Packaged Commodities) Rules, 2011 Rule 27."
EXCISE-LABEL-001,Excise Label / Brand Registration for Beer,brewery,Maharashtra State Excise Department,AUTH-EXCISE,"UNRESOLVED — the State Excise SCM portal exposes a label-registration system and a fee schedule for beer/wine brands, but the retrieved material does NOT establish this as a mandatory legal precondition for every Maharashtra brewery.",DO NOT mark as a mandatory required approval. Status: unknown/unconfirmed. Requires direct departmental confirmation before inclusion in a live applicant-facing roadmap.,,,unknown,unknown,unknown,unknown,https://scmexcise.mahaonline.gov.in/SCMMain.aspx,SRC-009,2026-09-10,"Exclude from the default applicant roadmap until confirmed. If shown at all, surface only as an informational note ('you may also want to check X with the department'), never as a required step.",,,,,Unconfirmed approval — excluded from the default roadmap; no processing time established.,,,,,,,,,,,needs_review,A fee schedule exists on the Excise SCM portal but applicability is unconfirmed — not captured as a verified figure.
MIDC-ALLOTMENT-001,MIDC Industrial Land Allotment & Building Plan Sanction,solar_manufacturing,Industries Department (MIDC),AUTH-MIDC,"Statutory land allotment and building plan sanction required under the MIDC Act, 1961 for setting up clean tech manufacturing units in designated industrial zones.","{""all"":[{""field"":""industry"",""op"":""equals"",""value"":""solar_manufacturing""},{""field"":""state"",""op"":""equals"",""value"":""Maharashtra""}]}",DOC-011;DOC-020;DOC-035,,yes,yes — Pre-allotment site boundary survey,no,30 days (RTS Act Notified),https://www.midcindia.org/allotment-policy,SRC-014,2026-09-15,Foundational land clearance providing industrial address and legal title.,30,30,working_days,verified,RTS Act notified service-level: 30 days as published on the MIDC allotment policy page.,,,,,,,,,,,needs_review,Allotment premium/lease costs are plot- and zone-specific — cannot be generalized without a specific plot.
MPCB-CTE-RED-001,MPCB Consent to Establish (Red Category - Clean Tech / Solar PV),solar_manufacturing,Maharashtra Pollution Control Board,AUTH-MPCB,"Mandatory statutory consent under Water Act, 1974 and Air Act, 1981 for Red Category Solar PV Cell/Module manufacturing prior to civil work commencement.","{""all"":[{""field"":""industry"",""op"":""equals"",""value"":""solar_manufacturing""},{""field"":""state"",""op"":""equals"",""value"":""Maharashtra""}]}",DOC-019;DOC-020;DOC-021;DOC-031;DOC-035,MIDC land allotment must be secured first.,no,yes — Pre-construction site environmental verification,no,60 days (RTS Act Notified),https://www.mpcb.gov.in/en/consentmgt/water-and-air-act,SRC-002,2026-09-15,Red category manufacturing due to chemical etching and wafer processing.,60,60,working_days,verified,RTS Act notified service-level: 60 days as cited in the industry research pass.,,,,,,,,,,,needs_review,Red-category consent fee depends on capital investment slab — not captured by the retrieved source.
FIRE-NOC-002,Maharashtra Fire Services Provisional NOC (High Hazard / Cleanrooms),solar_manufacturing,Maharashtra Fire & Emergency Services,AUTH-FIRE,"Mandatory fire safety design vetting under Maharashtra Fire Prevention and Life Safety Measures Act, 2006 for industrial buildings exceeding 10,000 sq ft built-up area.","{""all"":[{""field"":""industry"",""op"":""equals"",""value"":""solar_manufacturing""},{""field"":""state"",""op"":""equals"",""value"":""Maharashtra""},{""kind"":""range"",""field"":""areaSqft"",""min"":10000,""expectedAreaType"":""built_up""}]}",DOC-030;DOC-037;DOC-035,,yes,yes — Joint site inspection with local fire officer,no,21 days (RTS Act Notified),https://mahafireservice.gov.in/e-fire.php,SRC-004,2026-09-15,"Evaluates special cleanroom fire suppression, gas leak sensors, and hydrant coverage.",21,21,working_days,verified,RTS Act notified service-level: 21 days.,,,,,,,,,,,needs_review,Fire NOC fee depends on building height/area classification — not captured by the retrieved source.
DISH-FACTORY-002,DISH Approval of Factory Plans & Cleanroom Ventilation,solar_manufacturing,Labour Department (DISH),AUTH-DISH,"Required under Section 6 of Factories Act, 1948 and Rule 3 of Maharashtra Factories Rules, 1963 for high-tech manufacturing plant layouts and cleanrooms.","{""all"":[{""field"":""industry"",""op"":""equals"",""value"":""solar_manufacturing""},{""field"":""state"",""op"":""equals"",""value"":""Maharashtra""}]}",DOC-015;DOC-031;DOC-035,Consent to Establish and Provisional Fire NOC precede plant construction.,no,yes — Occupational safety and hazardous process layout review,no,30 days (RTS Act Notified),https://labour.maharashtra.gov.in/en/services,SRC-005,2026-09-15,Validates chemical exhaust scrubbing and worker safety egress routes.,30,30,working_days,verified,RTS Act notified service-level: 30 days.,,,,,,,,,,,needs_review,Plan sanction fee depends on factory classification — not captured by the retrieved source.
CEIG-SUBSTATION-001,CEIG HT Electrical Substation & Transformer Approval,solar_manufacturing,Energy Department (CEIG),AUTH-CEIG,"Statutory clearance required under Central Electricity Authority (Safety & Electric Supply) Regulations, 2010 for electrical installations and substations.","{""all"":[{""field"":""industry"",""op"":""equals"",""value"":""solar_manufacturing""},{""field"":""state"",""op"":""equals"",""value"":""Maharashtra""},{""kind"":""range"",""field"":""investmentAmountInr"",""min"":5000000,""expectedInvestmentDefinition"":""total_project_cost""}]}",DOC-032;DOC-020,,yes,yes — Electrical safety testing and transformer insulation check,yes — Annual electrical safety inspection,15 days (RTS Act Notified),https://energy.maharashtra.gov.in/ceig-services,SRC-012,2026-09-15,Mandatory for high-tension manufacturing plants and utility grid step-up yards.,15,15,working_days,verified,RTS Act notified service-level: 15 days.,,,,,,,,,,,needs_review,CEIG inspection fees are load- and voltage-class dependent — not captured by the retrieved source.
MEDA-GRID-001,MEDA Clean Energy Registration & Grid Evacuation Feasibility,solar_manufacturing,Energy Department (MEDA),AUTH-MEDA,State nodal agency registration for clean tech power synchronization and grid evacuation approval under Maharashtra RE Policy.,"{""all"":[{""field"":""industry"",""op"":""equals"",""value"":""solar_manufacturing""},{""field"":""state"",""op"":""equals"",""value"":""Maharashtra""}]}",DOC-033;DOC-020;DOC-011,,yes,unknown,no,30 days (RTS Act Notified),https://www.mahaurja.com/meda/en/grid-connectivity,SRC-011,2026-09-15,Facilitates state policy incentives and grid synchronization permissions.,30,30,working_days,verified,RTS Act notified service-level: 30 days.,5000,5000,,,,,,,,,verified,MEDA registration fee ₹5000 as cited in the industry research pass.
CGWA-GW-001,CGWA Ground Water Extraction Clearance & NOC,solar_manufacturing,Central Ground Water Authority,AUTH-CGWA,"Mandatory statutory NOC under Environment (Protection) Act, 1986 for industrial groundwater extraction in notified semi-critical or critical industrial clusters.","{""all"":[{""field"":""industry"",""op"":""equals"",""value"":""solar_manufacturing""},{""kind"":""in"",""field"":""district"",""values"":[""Pune"",""Thane"",""Raigad"",""Nashik"",""Aurangabad"",""Nagpur""]}]}",DOC-034;DOC-035;DOC-020,,yes,yes — Piezometer and digital flow meter verification,yes — 3 years validity with renewal,45 days (RTS Act Notified),http://cgwa-noc.gov.in/LandingPage/Guideline.htm,SRC-013,2026-09-15,Applies specifically to units relying on borewell/groundwater in industrial talukas.,45,45,working_days,verified,RTS Act notified service-level: 45 days.,10000,200000,,,,,,,,,configured,CGWA abstraction fee depends on the withdrawal volume slab (₹10k–₹2L range) — needs the specific water-balance figure to narrow down.
BOILER-REG-001,Directorate of Steam Boilers Registration & Inspection,solar_manufacturing,Labour Department (Boilers),AUTH-BOILER,"Statutory registration and steam test certificate required under the Boilers Act, 1923 for industrial steam generation and pressure vessels.","{""all"":[{""field"":""industry"",""op"":""equals"",""value"":""solar_manufacturing""},{""field"":""state"",""op"":""equals"",""value"":""Maharashtra""}]}",DOC-036;DOC-035,,yes,yes — Hydraulic pressure test & boiler mounting inspection,yes — Annual steam certificate renewal,21 days (RTS Act Notified),https://labour.maharashtra.gov.in/steam-boilers,SRC-015,2026-09-15,"Applies for process heating, cleaning autoclaves, and de-ionized water steam generators.",21,21,working_days,verified,RTS Act notified service-level: 21 days.,,,,,2000,8000,,,,,estimated,"Boiler inspection fee depends on evaporation capacity — prototype estimate range, verify with the Directorate."
MPCB-CTO-RED-001,MPCB Consent to Operate (Red Category - Solar PV/Clean Tech),solar_manufacturing,Maharashtra Pollution Control Board,AUTH-MPCB,Statutory consent to operate required before commercial manufacturing and trial production under Water and Air Acts.,"{""all"":[{""field"":""industry"",""op"":""equals"",""value"":""solar_manufacturing""},{""field"":""state"",""op"":""equals"",""value"":""Maharashtra""}]}",DOC-019;DOC-020;DOC-021;DOC-031;DOC-006,MPCB Consent to Establish and Fire Final NOC must be obtained first.,no,yes — Full effluent treatment plant and air scrubber compliance inspection,yes — 5 years renewal cycle,45 days (RTS Act Notified),https://www.mpcb.gov.in/en/consentmgt/water-and-air-act,SRC-002,2026-09-15,Final operating license ensuring Zero Liquid Discharge and hazardous waste compliance.,45,45,working_days,verified,RTS Act notified service-level: 45 days.,,,,,,,,,,,needs_review,Red-category consent fee depends on capital investment slab — not captured by the retrieved source.
